id,voltage,current,frequency,power_factor,temperature,fault
1,238.92,4.6,50.08,0.94,37.73,Normal
2,194.16,5.16,49.62,0.91,42.94,Undervoltage
3,189.92,3.92,50.0,0.92,33.39,Undervoltage
4,255.36,4.36,50.12,0.93,33.21,Overvoltage
5,201.61,6.02,50.07,0.89,38.96,Undervoltage
6,218.63,7.72,49.8,0.8,44.81,Overload
7,239.18,7.6,50.61,0.72,47.49,Phase_Imbalance
8,232.89,9.81,50.58,0.72,43.49,Phase_Imbalance
9,223.43,8.31,49.68,0.77,59.93,Overload
10,248.86,5.14,50.12,0.92,36.12,Overvoltage
11,246.85,5.97,50.04,0.89,38.59,Overvoltage
12,236.93,4.07,49.81,0.94,31.28,Normal
13,246.6,5.14,50.09,0.86,37.92,Overvoltage
14,268.63,5.0,50.18,0.89,42.95,Overvoltage
15,232.45,5.76,49.91,0.98,34.07,Normal
16,229.59,10.21,49.81,0.81,46.89,Overload
17,251.87,4.61,49.88,0.89,41.65,Overvoltage
18,227.08,4.08,50.08,0.97,28.64,Normal
19,222.25,7.22,50.9,0.83,53.03,Phase_Imbalance
20,223.12,7.43,50.84,0.79,49.95,Phase_Imbalance
21,235.36,5.07,49.84,0.98,36.5,Normal
22,223.05,10.88,50.82,0.75,48.13,Phase_Imbalance
23,208.6,5.37,49.87,0.89,37.39,Undervoltage
24,218.65,7.63,49.9,0.71,55.3,Overload
25,235.38,4.27,50.03,0.96,33.31,Normal
26,205.89,3.68,50.16,0.87,37.41,Undervoltage
27,227.68,11.87,50.07,0.8,52.85,Overload
28,228.86,10.74,50.79,0.83,44.11,Phase_Imbalance
29,225.75,4.12,50.14,0.96,36.01,Normal
30,217.63,11.41,49.62,0.85,59.94,Overload
31,239.3,4.55,50.1,0.96,34.03,Normal
32,215.68,8.98,49.92,0.7,46.03,Overload
33,264.15,4.65,49.86,0.86,42.08,Overvoltage
34,198.93,3.8,49.62,0.85,35.78,Undervoltage
35,226.31,11.77,49.71,0.82,40.23,Overload
36,229.46,9.73,49.62,0.75,49.44,Phase_Imbalance
37,223.49,9.0,49.6,0.8,40.61,Overload
38,231.22,5.07,49.88,0.97,32.94,Normal
39,225.05,5.43,50.05,0.95,35.41,Normal
40,245.03,4.16,50.17,0.94,43.5,Overvoltage
41,207.61,3.6,50.07,0.86,43.28,Undervoltage
42,196.6,3.99,49.9,0.95,43.14,Undervoltage
43,221.86,9.69,50.64,0.71,53.97,Phase_Imbalance
44,226.1,7.16,50.08,0.72,47.54,Phase_Imbalance
45,236.09,8.77,49.73,0.74,44.55,Phase_Imbalance
46,229.12,7.77,49.96,0.82,52.1,Overload
47,262.52,4.12,50.29,0.86,33.24,Overvoltage
48,216.66,11.53,49.92,0.7,50.31,Overload
49,263.52,4.26,49.96,0.89,41.36,Overvoltage
50,197.99,3.55,49.97,0.9,40.34,Undervoltage
51,235.79,9.31,49.24,0.7,49.82,Phase_Imbalance
52,205.33,5.36,49.58,0.93,34.25,Undervoltage
53,236.05,4.33,50.17,0.98,36.64,Normal
54,228.28,4.76,49.81,0.94,34.5,Normal
55,217.26,7.31,49.57,0.84,46.87,Overload
56,231.53,7.22,50.6,0.77,48.11,Phase_Imbalance
57,211.01,4.92,50.12,0.9,33.03,Undervoltage
58,228.5,5.44,49.82,0.97,35.05,Normal
59,252.03,4.62,49.96,0.91,35.76,Overvoltage
60,231.53,7.31,49.11,0.81,45.22,Phase_Imbalance
61,222.9,10.23,49.8,0.76,47.25,Overload
62,266.2,4.96,50.23,0.92,33.22,Overvoltage
63,257.89,3.83,50.27,0.88,44.35,Overvoltage
64,228.51,3.56,50.15,0.96,37.15,Normal
65,186.12,6.13,49.68,0.9,32.63,Undervoltage
66,185.87,4.08,50.08,0.93,35.24,Undervoltage
67,245.66,4.06,49.85,0.9,36.22,Overvoltage
68,269.86,5.9,49.82,0.9,43.97,Overvoltage
69,226.11,9.01,49.66,0.73,57.27,Overload
70,259.48,4.25,49.88,0.88,36.94,Overvoltage
71,236.47,8.06,49.08,0.71,44.56,Phase_Imbalance
72,247.57,4.72,50.16,0.87,38.61,Overvoltage
73,226.08,11.06,49.89,0.79,51.23,Overload
74,220.95,9.48,50.16,0.85,58.52,Overload
75,267.41,4.0,50.18,0.86,44.85,Overvoltage
76,228.93,9.8,49.32,0.73,46.01,Phase_Imbalance
77,223.11,9.62,50.77,0.74,43.71,Phase_Imbalance
78,220.45,7.84,50.08,0.73,47.85,Phase_Imbalance
79,213.69,3.9,49.85,0.9,32.63,Undervoltage
80,190.99,4.29,49.87,0.87,41.14,Undervoltage
81,223.03,10.59,50.31,0.71,45.73,Phase_Imbalance
82,229.53,8.41,50.79,0.74,54.21,Phase_Imbalance
83,265.2,4.61,50.0,0.91,42.85,Overvoltage
84,197.5,4.64,49.88,0.9,33.99,Undervoltage
85,258.66,5.97,49.85,0.92,41.77,Overvoltage
86,199.09,4.86,49.53,0.95,36.21,Undervoltage
87,210.76,3.92,49.88,0.88,43.52,Undervoltage
88,209.2,5.34,49.62,0.9,37.8,Undervoltage
89,188.07,5.03,49.96,0.93,36.86,Undervoltage
90,235.78,7.04,49.08,0.81,47.13,Phase_Imbalance
91,250.79,5.12,49.8,0.9,36.85,Overvoltage
92,188.42,5.78,49.66,0.88,42.79,Undervoltage
93,222.05,10.18,50.19,0.74,40.32,Overload
94,232.41,8.97,50.97,0.83,53.03,Phase_Imbalance
95,223.76,7.08,49.1,0.77,42.79,Phase_Imbalance
96,217.11,8.62,49.67,0.74,44.71,Overload
97,225.79,9.55,50.24,0.74,49.34,Phase_Imbalance
98,267.74,3.32,49.85,0.86,34.5,Overvoltage
99,221.95,7.54,49.95,0.73,52.89,Phase_Imbalance
100,194.53,4.85,49.93,0.88,39.59,Undervoltage
101,211.91,3.56,50.07,0.88,35.64,Undervoltage
102,248.47,3.9,50.05,0.86,37.65,Overvoltage
103,248.94,5.85,50.2,0.94,40.44,Overvoltage
104,238.14,4.16,50.0,0.94,37.13,Normal
105,199.72,5.22,49.75,0.93,36.13,Undervoltage
106,223.0,10.48,49.36,0.8,46.29,Phase_Imbalance
107,221.35,8.71,50.1,0.74,42.02,Phase_Imbalance
108,226.77,9.2,50.39,0.8,42.41,Phase_Imbalance
109,226.19,10.07,49.89,0.79,41.76,Phase_Imbalance
110,248.75,5.79,50.23,0.9,43.88,Overvoltage
111,253.18,3.01,50.19,0.92,41.5,Overvoltage
112,247.38,4.58,49.82,0.87,43.29,Overvoltage
113,226.69,8.44,50.12,0.83,43.87,Phase_Imbalance
114,239.65,4.81,49.91,0.94,29.94,Normal
115,238.56,4.86,50.13,0.96,29.48,Normal
116,223.79,9.1,49.5,0.79,42.68,Phase_Imbalance
117,234.64,3.84,49.98,0.93,31.79,Normal
118,226.13,9.63,50.02,0.78,55.56,Overload
119,229.82,10.94,50.83,0.74,43.33,Phase_Imbalance
120,256.65,4.22,50.07,0.94,34.7,Overvoltage
121,269.04,3.35,50.27,0.86,36.05,Overvoltage
122,237.33,3.76,50.18,0.97,36.29,Normal
123,226.05,5.16,49.93,0.95,36.48,Normal
124,236.22,7.37,49.8,0.83,51.01,Phase_Imbalance
125,215.99,7.47,49.97,0.75,54.47,Overload
126,203.93,4.03,49.94,0.85,35.56,Undervoltage
127,224.79,7.0,49.31,0.84,51.7,Phase_Imbalance
128,231.95,10.78,50.64,0.79,46.58,Phase_Imbalance
129,226.96,10.85,49.55,0.78,42.92,Phase_Imbalance
130,209.9,6.23,49.99,0.91,41.82,Undervoltage
131,221.13,8.69,49.92,0.83,52.95,Overload
132,265.83,4.5,50.13,0.91,35.35,Overvoltage
133,212.97,6.48,49.82,0.9,35.78,Undervoltage
134,239.53,5.82,50.14,0.94,32.86,Normal
135,230.71,3.51,49.94,0.98,36.53,Normal
136,225.4,7.94,49.86,0.75,42.19,Phase_Imbalance
137,223.01,8.97,49.68,0.74,51.99,Phase_Imbalance
138,222.7,7.55,49.85,0.85,40.87,Overload
139,229.63,4.6,50.03,0.97,28.9,Normal
140,222.63,7.81,50.25,0.74,46.88,Phase_Imbalance
141,213.51,4.59,49.54,0.87,37.91,Undervoltage
142,227.64,9.82,50.08,0.7,40.91,Overload
143,221.46,11.41,50.01,0.82,47.32,Overload
144,268.72,4.0,50.11,0.92,36.28,Overvoltage
145,226.89,5.17,50.03,0.94,34.99,Normal
146,192.65,4.49,50.0,0.87,34.0,Undervoltage
147,239.72,4.84,50.18,0.94,37.7,Normal
148,217.7,8.07,50.16,0.78,44.53,Overload
149,226.45,9.87,49.87,0.76,52.99,Overload
150,264.34,3.09,49.94,0.94,38.38,Overvoltage
151,211.77,4.4,49.6,0.93,43.7,Undervoltage
152,233.34,10.35,49.6,0.83,40.74,Phase_Imbalance
153,229.43,5.37,49.87,0.94,33.39,Normal
154,245.04,4.97,50.22,0.92,33.35,Overvoltage
155,222.21,9.09,49.13,0.82,41.95,Phase_Imbalance
156,223.93,11.69,49.72,0.76,55.83,Overload
157,221.29,10.83,50.12,0.7,44.12,Overload
158,256.97,3.73,50.1,0.87,43.9,Overvoltage
159,221.08,9.51,50.13,0.81,46.22,Overload
160,225.37,4.11,49.99,0.98,28.73,Normal
161,222.99,10.54,49.71,0.83,47.37,Overload
162,236.54,7.17,50.99,0.77,45.93,Phase_Imbalance
163,231.9,9.02,49.44,0.74,45.91,Phase_Imbalance
164,203.55,5.77,49.91,0.92,32.94,Undervoltage
165,191.32,3.98,50.08,0.85,32.56,Undervoltage
166,221.31,11.96,49.77,0.84,58.14,Overload
167,208.53,5.9,49.7,0.92,44.04,Undervoltage
168,213.06,6.02,49.84,0.9,43.98,Undervoltage
169,222.05,8.08,50.43,0.8,43.49,Phase_Imbalance
170,239.11,9.07,49.02,0.82,43.72,Phase_Imbalance
171,258.21,5.93,50.29,0.93,33.72,Overvoltage
172,257.33,4.14,50.07,0.86,38.23,Overvoltage
173,217.36,10.09,49.97,0.74,53.24,Overload
174,233.76,8.26,49.72,0.72,49.77,Phase_Imbalance
175,237.48,4.75,50.09,0.96,30.73,Normal
176,220.17,8.55,49.54,0.82,49.9,Phase_Imbalance
177,225.0,9.77,50.81,0.81,50.78,Phase_Imbalance
178,227.05,8.26,50.98,0.75,45.58,Phase_Imbalance
179,218.11,10.52,49.72,0.76,58.67,Overload
180,267.63,5.93,50.09,0.87,36.95,Overvoltage
181,235.28,8.72,50.45,0.79,48.45,Phase_Imbalance
182,233.17,4.05,50.04,0.98,28.06,Normal
183,226.06,4.1,50.07,0.94,29.32,Normal
184,238.11,4.6,50.01,0.96,35.22,Normal
185,222.97,10.19,49.54,0.77,54.35,Overload
186,220.52,11.74,50.19,0.77,45.64,Overload
187,268.86,5.31,49.81,0.86,35.41,Overvoltage
188,238.83,4.77,50.15,0.98,30.76,Normal
189,257.51,4.03,49.81,0.86,37.41,Overvoltage
190,249.36,5.91,50.15,0.93,42.23,Overvoltage
191,216.97,8.88,49.61,0.83,55.42,Overload
192,229.84,9.72,49.68,0.82,43.82,Overload
193,229.61,9.48,49.85,0.85,50.39,Overload
194,254.48,4.66,49.83,0.85,34.23,Overvoltage
195,227.79,10.25,50.04,0.82,44.3,Overload
196,226.64,5.07,50.12,0.96,28.64,Normal
197,267.19,4.43,49.82,0.86,44.03,Overvoltage
198,251.68,5.57,50.29,0.91,33.24,Overvoltage
199,205.16,5.02,50.09,0.93,43.39,Undervoltage
200,223.67,8.56,50.03,0.78,50.29,Overload
201,227.33,9.42,49.14,0.83,43.13,Phase_Imbalance
202,267.6,3.5,50.0,0.88,41.09,Overvoltage
203,195.66,5.73,49.71,0.93,36.31,Undervoltage
204,231.07,9.23,50.85,0.72,40.57,Phase_Imbalance
205,218.56,9.22,49.7,0.82,48.98,Overload
206,231.15,5.14,49.86,0.96,37.69,Normal
207,225.19,11.76,49.6,0.8,55.63,Overload
208,221.49,11.55,49.54,0.72,43.06,Overload
209,224.85,11.53,50.11,0.75,51.65,Overload
210,230.55,4.02,49.91,0.99,34.48,Normal
211,193.26,3.93,49.93,0.92,32.5,Undervoltage
212,227.68,8.6,49.74,0.71,50.84,Overload
213,199.28,5.34,49.53,0.93,38.54,Undervoltage
214,228.16,5.86,50.15,0.95,34.55,Normal
215,245.74,5.05,49.89,0.87,34.43,Overvoltage
216,218.17,7.69,49.68,0.75,40.15,Overload
217,227.77,9.34,49.63,0.72,43.25,Overload
218,219.09,11.53,49.6,0.77,58.93,Overload
219,226.85,8.19,49.73,0.73,41.05,Overload
220,202.66,4.0,50.08,0.88,35.78,Undervoltage
221,222.89,9.54,50.19,0.79,47.81,Overload
222,228.41,3.95,49.81,0.96,30.74,Normal
223,201.11,3.78,49.65,0.87,36.31,Undervoltage
224,237.17,4.47,50.07,0.98,37.81,Normal
225,252.71,3.8,49.86,0.86,40.92,Overvoltage
226,196.32,4.79,49.89,0.86,39.59,Undervoltage
227,223.84,10.37,50.63,0.82,41.83,Phase_Imbalance
228,259.38,4.34,50.0,0.92,39.65,Overvoltage
229,236.43,3.96,49.89,0.96,35.25,Normal
230,221.88,8.29,49.63,0.82,55.82,Overload
231,234.86,4.86,49.97,0.94,31.62,Normal
232,245.3,5.49,50.29,0.86,42.71,Overvoltage
233,187.79,5.28,49.93,0.9,32.4,Undervoltage
234,257.39,5.92,50.27,0.91,42.22,Overvoltage
235,227.79,8.51,49.53,0.76,43.59,Phase_Imbalance
236,218.33,9.26,49.74,0.7,41.07,Overload
237,234.7,9.23,50.03,0.79,40.74,Phase_Imbalance
238,237.37,4.7,50.12,0.97,31.39,Normal
239,238.63,7.37,49.6,0.75,45.68,Phase_Imbalance
240,222.41,10.77,50.03,0.77,58.48,Overload
241,230.35,10.97,49.6,0.74,43.33,Phase_Imbalance
242,251.63,3.75,49.83,0.87,33.4,Overvoltage
243,228.77,3.8,49.88,0.94,33.36,Normal
244,239.56,9.01,50.62,0.79,53.18,Phase_Imbalance
245,257.22,3.25,49.82,0.92,35.8,Overvoltage
246,251.07,3.61,50.12,0.93,43.01,Overvoltage
247,263.1,4.5,50.29,0.85,37.68,Overvoltage
248,257.74,5.24,49.95,0.85,43.67,Overvoltage
249,224.74,8.89,50.23,0.75,47.48,Phase_Imbalance
250,234.58,4.56,49.9,0.98,29.99,Normal
251,210.37,4.38,49.72,0.95,32.96,Undervoltage
252,231.29,4.96,50.01,0.99,30.04,Normal
253,239.03,7.22,50.55,0.71,47.05,Phase_Imbalance
254,202.3,5.2,50.18,0.92,36.4,Undervoltage
255,217.26,7.34,49.81,0.75,45.49,Overload
256,225.17,5.3,50.07,0.96,30.67,Normal
257,227.06,8.58,50.17,0.77,51.05,Phase_Imbalance
258,237.48,4.13,49.83,0.93,33.39,Normal
259,235.05,5.64,49.93,0.97,30.88,Normal
260,226.21,7.88,49.77,0.81,50.01,Overload
261,228.21,4.5,49.82,0.95,37.85,Normal
262,195.37,5.53,49.77,0.93,39.26,Undervoltage
263,203.33,4.06,50.15,0.89,37.94,Undervoltage
264,228.26,9.97,50.98,0.81,40.99,Phase_Imbalance
265,232.13,4.87,49.91,0.98,32.23,Normal
266,202.72,4.19,49.77,0.86,34.63,Undervoltage
267,226.4,5.98,50.17,0.96,29.17,Normal
268,267.95,3.6,49.87,0.91,43.94,Overvoltage
269,213.45,4.0,50.17,0.9,32.1,Undervoltage
270,229.15,7.99,49.81,0.71,51.03,Phase_Imbalance
271,223.47,10.18,49.94,0.84,52.54,Overload
272,255.53,4.45,49.84,0.87,35.21,Overvoltage
273,210.12,5.27,50.04,0.9,40.56,Undervoltage
274,229.67,9.75,50.87,0.84,44.31,Phase_Imbalance
275,254.58,5.19,49.85,0.88,43.45,Overvoltage
276,221.2,10.26,49.95,0.79,46.75,Phase_Imbalance
277,227.68,8.84,50.03,0.79,56.14,Overload
278,193.1,5.32,49.6,0.93,33.36,Undervoltage
279,247.31,5.17,49.9,0.87,40.76,Overvoltage
280,217.06,7.39,50.09,0.72,55.42,Overload
281,227.68,10.16,50.02,0.83,45.68,Phase_Imbalance
282,229.91,11.67,49.55,0.85,40.63,Overload
283,230.08,5.23,50.06,0.98,36.52,Normal
284,247.54,5.62,49.89,0.88,37.95,Overvoltage
285,202.25,4.18,49.68,0.89,40.19,Undervoltage
286,265.54,5.9,50.12,0.89,34.19,Overvoltage
287,223.71,7.07,50.71,0.81,43.58,Phase_Imbalance
288,192.46,5.58,49.74,0.86,36.99,Undervoltage
289,235.8,4.25,49.92,0.95,32.02,Normal
290,221.59,9.61,49.61,0.76,45.66,Overload
291,228.49,3.75,49.91,0.97,31.65,Normal
292,269.11,3.71,49.93,0.88,42.41,Overvoltage
293,219.31,10.57,49.74,0.77,45.13,Overload
294,220.35,10.9,50.11,0.75,42.49,Overload
295,248.43,5.32,50.18,0.86,44.91,Overvoltage
296,220.17,10.69,50.89,0.77,40.14,Phase_Imbalance
297,226.93,8.37,49.59,0.81,47.59,Overload
298,238.21,5.7,49.95,0.94,36.34,Normal
299,210.56,6.11,49.55,0.9,35.13,Undervoltage
300,225.54,8.54,49.74,0.7,57.4,Overload
301,232.89,8.08,49.89,0.82,45.45,Phase_Imbalance
302,206.83,5.29,49.74,0.94,44.94,Undervoltage
303,219.94,7.61,49.75,0.81,55.01,Overload
304,228.96,11.2,49.95,0.83,42.75,Overload
305,232.24,7.44,50.46,0.79,54.81,Phase_Imbalance
306,194.95,3.76,49.54,0.93,39.26,Undervoltage
307,226.91,9.54,49.58,0.73,42.78,Overload
308,225.78,9.63,50.04,0.83,41.48,Overload
309,220.97,7.95,49.59,0.84,49.09,Overload
310,228.17,4.32,50.1,0.95,35.52,Normal
311,239.21,9.45,50.25,0.73,43.61,Phase_Imbalance
312,227.86,3.74,49.97,0.96,32.67,Normal
313,252.38,4.24,50.08,0.86,35.64,Overvoltage
314,212.08,5.64,49.85,0.94,42.41,Undervoltage
315,188.12,5.11,49.99,0.95,42.08,Undervoltage
316,232.18,8.27,50.05,0.84,45.31,Phase_Imbalance
317,203.57,4.41,49.86,0.87,40.73,Undervoltage
318,238.09,3.59,49.83,0.97,37.21,Normal
319,234.71,7.98,49.14,0.81,44.85,Phase_Imbalance
320,193.86,3.62,49.85,0.87,44.13,Undervoltage
321,210.92,5.45,49.98,0.87,32.96,Undervoltage
322,224.23,8.24,50.11,0.73,46.55,Overload
323,225.34,9.27,49.46,0.73,50.31,Phase_Imbalance
324,237.28,5.38,50.07,0.94,29.99,Normal
325,188.92,6.26,49.58,0.89,32.6,Undervoltage
326,232.43,3.59,50.0,0.97,36.7,Normal
327,228.84,7.34,50.08,0.71,41.93,Overload
328,229.61,5.37,50.03,0.95,29.24,Normal
329,221.45,8.42,49.97,0.78,53.34,Overload
330,216.96,8.85,49.89,0.75,49.33,Overload
331,235.36,8.0,50.54,0.76,51.06,Phase_Imbalance
332,227.02,10.09,50.08,0.85,41.76,Overload
333,207.78,6.1,50.07,0.9,34.07,Undervoltage
334,252.44,6.0,50.02,0.88,42.62,Overvoltage
335,187.57,4.53,49.88,0.95,39.67,Undervoltage
336,235.76,4.01,50.05,0.95,32.89,Normal
337,223.34,7.41,49.13,0.82,48.23,Phase_Imbalance
338,200.69,5.6,49.57,0.92,35.23,Undervoltage
339,230.63,7.75,50.0,0.76,53.9,Phase_Imbalance
340,256.84,5.55,49.95,0.91,42.48,Overvoltage
341,266.11,3.97,49.81,0.9,43.92,Overvoltage
342,233.06,9.41,49.02,0.81,45.74,Phase_Imbalance
343,207.96,4.81,49.78,0.92,38.16,Undervoltage
344,239.53,4.95,50.02,0.97,28.57,Normal
345,226.91,4.27,50.16,0.98,36.61,Normal
346,258.25,3.71,50.05,0.86,44.96,Overvoltage
347,238.59,9.3,49.52,0.76,41.6,Phase_Imbalance
348,196.92,4.48,49.69,0.9,43.36,Undervoltage
349,214.01,5.43,49.8,0.89,36.53,Undervoltage
350,233.27,10.44,49.65,0.77,54.62,Phase_Imbalance
351,268.83,4.38,50.15,0.89,35.79,Overvoltage
352,201.0,3.91,49.77,0.93,39.09,Undervoltage
353,234.11,9.94,50.71,0.79,51.22,Phase_Imbalance
354,228.61,8.17,49.46,0.7,45.6,Phase_Imbalance
355,239.84,5.1,50.02,0.97,36.43,Normal
356,228.29,5.99,50.0,0.94,28.47,Normal
357,228.31,4.05,49.97,0.93,31.36,Normal
358,267.93,3.17,50.3,0.87,43.0,Overvoltage
359,246.1,5.59,49.92,0.89,36.98,Overvoltage
360,190.1,4.63,50.01,0.9,43.68,Undervoltage
361,226.75,9.53,50.14,0.82,41.07,Phase_Imbalance
362,245.73,4.84,49.9,0.9,37.05,Overvoltage
363,207.84,4.01,50.04,0.9,41.93,Undervoltage
364,235.55,5.03,50.19,0.97,28.08,Normal
365,223.01,8.55,50.07,0.78,56.7,Overload
366,263.63,3.71,50.29,0.87,43.51,Overvoltage
367,189.45,5.26,50.03,0.94,44.02,Undervoltage
368,258.8,5.33,49.99,0.9,36.67,Overvoltage
369,234.42,9.63,50.08,0.75,47.86,Phase_Imbalance
370,231.99,9.06,49.46,0.72,40.54,Phase_Imbalance
371,225.56,7.39,49.89,0.71,50.95,Overload
372,230.05,3.73,49.84,0.98,34.04,Normal
373,225.07,10.42,49.85,0.75,44.13,Phase_Imbalance
374,229.24,4.25,50.03,0.99,32.9,Normal
375,265.32,3.07,49.83,0.93,37.76,Overvoltage
376,223.37,8.12,50.18,0.75,45.78,Overload
377,204.38,5.04,49.61,0.87,42.85,Undervoltage
378,238.09,4.61,50.08,0.98,28.46,Normal
379,265.43,5.96,50.01,0.86,32.92,Overvoltage
380,206.64,5.47,50.2,0.88,37.44,Undervoltage
381,266.5,3.26,49.85,0.92,39.66,Overvoltage
382,225.32,7.13,49.83,0.85,55.66,Overload
383,236.36,7.8,49.75,0.81,52.79,Phase_Imbalance
384,231.38,5.36,49.93,0.97,30.71,Normal
385,233.46,8.95,50.47,0.82,45.72,Phase_Imbalance
386,226.64,9.89,50.0,0.79,43.41,Overload
387,227.5,11.03,49.55,0.84,40.85,Overload
388,237.11,9.17,49.01,0.82,43.57,Phase_Imbalance
389,229.22,7.38,49.95,0.76,56.02,Overload
390,238.76,9.78,49.27,0.76,46.76,Phase_Imbalance
391,211.56,4.61,49.81,0.88,38.05,Undervoltage
392,229.74,5.38,49.83,0.96,37.98,Normal
393,234.91,3.89,49.87,0.93,28.03,Normal
394,235.54,4.64,50.07,0.99,35.88,Normal
395,248.57,4.59,49.8,0.91,37.72,Overvoltage
396,252.0,5.65,49.82,0.91,35.2,Overvoltage
397,235.58,7.43,49.37,0.81,49.18,Phase_Imbalance
398,223.27,10.06,49.56,0.75,59.99,Overload
399,231.74,10.86,49.83,0.73,40.35,Phase_Imbalance
400,233.49,5.21,50.1,0.93,34.06,Normal
401,248.18,5.19,50.27,0.94,37.09,Overvoltage
402,206.56,3.85,49.58,0.86,34.58,Undervoltage
403,235.74,4.1,49.96,0.97,31.0,Normal
404,234.61,3.78,49.97,0.96,37.54,Normal
405,197.33,4.65,49.84,0.91,32.49,Undervoltage
406,250.45,4.29,49.91,0.87,42.77,Overvoltage
407,227.61,10.91,49.2,0.74,53.0,Phase_Imbalance
408,220.84,10.75,50.04,0.74,49.58,Phase_Imbalance
409,231.12,3.85,50.18,0.95,32.93,Normal
410,237.52,10.25,50.15,0.8,54.49,Phase_Imbalance
411,260.07,5.62,49.89,0.92,41.42,Overvoltage
412,265.05,5.38,50.29,0.92,36.67,Overvoltage
413,237.29,7.08,50.73,0.79,43.47,Phase_Imbalance
414,200.15,5.41,49.59,0.85,36.84,Undervoltage
415,217.08,8.25,49.95,0.84,51.09,Overload
416,262.32,5.46,50.2,0.89,38.49,Overvoltage
417,207.18,6.09,50.02,0.91,35.09,Undervoltage
418,194.14,5.74,50.13,0.88,37.36,Undervoltage
419,225.49,4.43,49.98,0.99,36.55,Normal
420,225.82,8.59,49.61,0.82,46.92,Phase_Imbalance
421,225.17,8.93,50.46,0.72,50.48,Phase_Imbalance
422,233.96,8.84,50.38,0.7,43.16,Phase_Imbalance
423,234.86,10.24,49.83,0.82,42.74,Phase_Imbalance
424,216.54,11.23,50.1,0.75,55.26,Overload
425,253.37,5.45,50.23,0.94,33.77,Overvoltage
426,222.58,9.86,49.6,0.75,50.41,Overload
427,209.16,5.91,49.92,0.92,40.85,Undervoltage
428,234.13,4.1,49.86,0.96,33.52,Normal
429,225.68,9.51,49.26,0.82,40.43,Phase_Imbalance
430,218.11,8.08,50.11,0.75,42.95,Overload
431,212.48,5.79,49.69,0.95,44.62,Undervoltage
432,247.66,3.02,49.95,0.88,35.51,Overvoltage
433,228.34,7.71,50.34,0.79,50.37,Phase_Imbalance
434,233.28,4.57,49.8,0.93,36.83,Normal
435,264.87,3.51,50.16,0.89,43.92,Overvoltage
436,226.19,9.89,49.53,0.76,41.28,Overload
437,229.21,9.35,49.05,0.72,41.01,Phase_Imbalance
438,210.79,5.01,49.79,0.86,33.25,Undervoltage
439,232.29,3.67,50.1,0.98,29.28,Normal
440,228.81,4.14,49.8,0.98,37.01,Normal
441,220.43,7.99,50.06,0.75,45.9,Phase_Imbalance
442,228.95,8.59,50.45,0.84,48.94,Phase_Imbalance
443,187.64,5.34,49.94,0.89,44.55,Undervoltage
444,236.5,3.92,50.04,0.97,29.15,Normal
445,228.66,5.14,49.8,0.98,35.7,Normal
446,187.29,3.73,49.51,0.9,32.41,Undervoltage
447,223.52,10.79,49.62,0.84,57.94,Overload
448,215.39,11.65,50.08,0.74,43.61,Overload
449,213.93,4.38,49.87,0.92,32.6,Undervoltage
450,222.47,7.46,49.9,0.75,47.86,Phase_Imbalance
451,226.46,5.72,49.85,0.96,34.7,Normal
452,219.13,11.69,50.01,0.72,56.19,Overload
453,200.31,4.69,49.85,0.92,43.02,Undervoltage
454,221.94,11.03,50.01,0.76,56.33,Overload
455,225.71,9.52,49.62,0.74,48.76,Overload
456,255.15,4.7,50.3,0.87,40.89,Overvoltage
457,238.54,5.04,49.92,0.96,28.0,Normal
458,250.82,4.04,50.22,0.93,44.36,Overvoltage
459,218.74,7.57,50.01,0.78,47.74,Overload
460,233.08,5.3,50.1,0.97,31.64,Normal
461,239.93,4.89,50.09,0.94,30.97,Normal
462,188.85,5.47,49.57,0.91,43.7,Undervoltage
463,258.61,4.45,50.26,0.9,37.05,Overvoltage
464,194.67,6.0,49.63,0.92,40.15,Undervoltage
465,220.73,9.64,50.18,0.83,56.03,Overload
466,258.97,4.44,50.23,0.88,44.44,Overvoltage
467,196.08,3.63,49.64,0.94,36.7,Undervoltage
468,264.04,5.03,50.04,0.9,35.49,Overvoltage
469,191.35,4.06,49.75,0.92,33.54,Undervoltage
470,201.3,6.5,49.83,0.93,36.76,Undervoltage
471,248.58,4.98,49.91,0.88,32.79,Overvoltage
472,213.8,3.93,49.97,0.94,42.34,Undervoltage
473,198.59,3.9,49.79,0.92,41.73,Undervoltage
474,212.13,5.34,49.93,0.95,40.87,Undervoltage
475,226.73,5.91,49.86,0.99,36.6,Normal
476,226.19,8.08,49.79,0.75,47.4,Overload
477,216.78,11.88,49.78,0.83,46.78,Overload
478,229.43,3.82,49.97,0.99,34.77,Normal
479,236.6,8.81,50.45,0.72,51.68,Phase_Imbalance
480,223.51,10.03,49.98,0.85,47.44,Overload
481,263.7,3.75,50.03,0.92,33.82,Overvoltage
482,239.63,10.15,50.51,0.81,46.58,Phase_Imbalance
483,188.04,4.27,49.66,0.95,35.85,Undervoltage
484,238.89,10.84,49.19,0.8,47.97,Phase_Imbalance
485,223.24,9.35,49.88,0.81,44.37,Overload
486,228.03,8.35,49.32,0.84,46.65,Phase_Imbalance
487,231.01,3.69,50.05,0.93,29.49,Normal
488,265.97,4.02,50.18,0.94,37.16,Overvoltage
489,201.4,5.31,50.04,0.95,35.82,Undervoltage
490,226.21,3.6,49.97,0.95,30.5,Normal
491,231.9,10.15,49.35,0.76,48.68,Phase_Imbalance
492,195.28,6.2,49.75,0.87,44.33,Undervoltage
493,232.36,5.68,50.03,0.96,32.4,Normal
494,202.51,6.33,49.55,0.94,38.51,Undervoltage
495,208.44,5.65,49.58,0.89,44.05,Undervoltage
496,254.31,4.89,50.12,0.9,35.36,Overvoltage
497,237.92,4.88,49.82,0.99,36.36,Normal
498,217.12,8.75,50.18,0.81,47.84,Overload
499,237.97,5.94,50.12,0.98,28.25,Normal
500,228.98,5.46,49.98,0.96,37.57,Normal
501,215.84,9.54,49.72,0.77,41.14,Overload
502,237.11,7.09,50.64,0.8,44.14,Phase_Imbalance
503,236.64,4.07,49.81,0.95,30.68,Normal
504,260.4,3.83,49.95,0.9,34.64,Overvoltage
505,205.07,3.95,49.56,0.9,41.41,Undervoltage
506,256.74,5.52,50.26,0.88,37.38,Overvoltage
507,239.18,5.53,50.02,0.96,31.15,Normal
508,262.06,3.15,49.85,0.92,37.97,Overvoltage
509,222.56,10.82,49.7,0.86,53.61,Overload
510,229.61,3.64,50.15,0.99,28.86,Normal
511,209.91,5.3,50.06,0.93,34.36,Undervoltage
512,236.94,4.23,49.95,0.94,33.31,Normal
513,257.24,3.42,49.96,0.89,32.7,Overvoltage
514,189.91,6.18,50.02,0.92,35.71,Undervoltage
515,227.14,7.83,49.81,0.77,53.53,Overload
516,214.65,4.81,50.2,0.91,42.84,Undervoltage
517,236.34,8.67,50.74,0.82,43.4,Phase_Imbalance
518,239.96,5.37,49.97,0.94,34.34,Normal
519,223.18,8.61,49.56,0.81,46.13,Overload
520,227.11,7.55,49.73,0.78,43.49,Phase_Imbalance
521,216.51,10.85,49.5,0.79,58.58,Overload
522,257.5,4.3,50.19,0.9,43.15,Overvoltage
523,229.71,8.75,49.59,0.8,42.85,Phase_Imbalance
524,190.37,6.35,49.96,0.95,41.57,Undervoltage
525,268.87,4.48,49.86,0.89,39.72,Overvoltage
526,236.73,9.63,50.05,0.8,43.84,Phase_Imbalance
527,265.34,5.12,49.95,0.91,33.1,Overvoltage
528,246.46,5.97,50.06,0.92,44.99,Overvoltage
529,228.68,8.71,49.75,0.82,54.42,Overload
530,231.15,10.79,49.24,0.74,53.19,Phase_Imbalance
531,194.68,3.65,50.15,0.91,40.6,Undervoltage
532,203.98,4.1,49.94,0.88,36.49,Undervoltage
533,260.89,5.08,50.12,0.94,39.21,Overvoltage
534,221.75,11.05,49.96,0.75,49.51,Overload
535,238.46,5.36,49.99,0.95,30.47,Normal
536,262.54,3.49,50.28,0.9,42.18,Overvoltage
537,185.39,4.25,49.93,0.93,43.31,Undervoltage
538,257.53,4.25,50.15,0.86,38.98,Overvoltage
539,193.97,5.6,50.1,0.92,44.16,Undervoltage
540,226.83,8.72,50.01,0.8,55.43,Overload
541,254.0,4.5,50.08,0.88,35.32,Overvoltage
542,239.99,5.18,49.91,0.93,35.56,Normal
543,227.55,3.71,50.01,0.97,31.35,Normal
544,207.02,5.27,49.62,0.89,40.46,Undervoltage
545,223.73,8.39,50.46,0.74,52.47,Phase_Imbalance
546,216.76,11.58,49.71,0.8,44.38,Overload
547,224.21,9.8,49.74,0.82,44.19,Phase_Imbalance
548,226.41,9.38,49.05,0.74,54.81,Phase_Imbalance
549,239.03,4.93,49.99,0.98,36.07,Normal
550,224.81,10.46,49.54,0.72,46.14,Overload
551,258.55,4.93,49.83,0.85,43.01,Overvoltage
552,222.53,8.18,50.2,0.76,40.56,Overload
553,248.32,3.68,50.14,0.85,41.04,Overvoltage
554,216.71,9.55,50.13,0.76,54.55,Overload
555,268.32,3.82,50.13,0.87,36.83,Overvoltage
556,233.28,5.57,50.05,0.98,33.77,Normal
557,210.2,3.96,49.75,0.89,35.83,Undervoltage
558,235.86,5.95,50.19,0.98,31.66,Normal
559,222.28,9.21,49.69,0.82,42.28,Overload
560,229.46,8.61,49.95,0.85,41.79,Overload
561,239.96,8.85,50.58,0.75,52.65,Phase_Imbalance
562,260.83,3.73,50.13,0.91,42.26,Overvoltage
563,267.48,4.69,49.82,0.93,36.09,Overvoltage
564,247.11,4.66,50.1,0.9,42.13,Overvoltage
565,261.94,4.2,50.18,0.94,37.6,Overvoltage
566,224.89,9.19,50.24,0.78,52.38,Phase_Imbalance
567,269.04,4.76,50.18,0.91,37.18,Overvoltage
568,202.12,5.5,49.79,0.92,42.94,Undervoltage
569,269.44,3.05,50.21,0.91,42.48,Overvoltage
570,234.71,5.77,50.13,0.93,29.66,Normal
571,226.6,4.56,49.87,0.99,33.18,Normal
572,231.52,10.63,50.19,0.74,50.96,Phase_Imbalance
573,254.63,3.88,49.99,0.86,43.71,Overvoltage
574,192.82,4.38,50.1,0.9,43.26,Undervoltage
575,220.0,10.26,50.7,0.75,47.04,Phase_Imbalance
576,233.42,4.16,50.03,0.98,31.99,Normal
577,233.65,4.14,50.08,0.93,37.26,Normal
578,234.54,10.06,50.76,0.76,46.17,Phase_Imbalance
579,231.76,4.98,49.92,0.94,35.07,Normal
580,239.61,4.88,50.08,0.94,36.68,Normal
581,227.02,10.64,49.56,0.8,56.45,Overload
582,231.62,8.3,50.23,0.74,48.23,Phase_Imbalance
583,258.16,5.45,49.93,0.89,36.85,Overvoltage
584,219.27,11.95,49.88,0.78,58.77,Overload
585,212.55,4.71,49.66,0.92,33.71,Undervoltage
586,196.65,3.61,50.0,0.91,34.47,Undervoltage
587,235.09,4.96,50.13,0.99,29.08,Normal
588,205.86,5.39,49.71,0.92,40.61,Undervoltage
589,225.68,10.16,50.24,0.71,49.82,Phase_Imbalance
590,189.12,4.1,49.79,0.91,43.79,Undervoltage
591,221.77,8.14,49.74,0.77,48.32,Overload
592,250.07,5.34,50.09,0.86,34.14,Overvoltage
593,231.78,8.9,49.82,0.71,49.0,Phase_Imbalance
594,220.63,10.41,49.96,0.79,53.07,Overload
595,204.42,5.33,49.71,0.86,32.83,Undervoltage
596,220.22,7.89,49.88,0.78,54.56,Overload
597,215.9,9.2,49.84,0.73,52.13,Overload
598,252.97,4.25,49.87,0.88,41.81,Overvoltage
599,247.14,4.86,50.2,0.91,33.07,Overvoltage
600,227.67,8.22,49.91,0.78,47.92,Overload
601,223.97,10.55,50.73,0.73,41.69,Phase_Imbalance
602,224.14,7.55,50.08,0.81,52.94,Phase_Imbalance
603,231.43,4.43,50.0,0.95,36.5,Normal
604,228.15,7.05,49.9,0.72,59.66,Overload
605,199.51,4.58,49.65,0.9,32.82,Undervoltage
606,194.33,5.02,49.59,0.94,43.43,Undervoltage
607,237.26,4.25,50.07,0.99,29.34,Normal
608,202.46,4.72,49.91,0.94,39.17,Undervoltage
609,217.0,7.77,50.02,0.8,48.32,Overload
610,238.26,4.52,50.05,0.94,37.3,Normal
611,215.52,7.34,50.04,0.76,47.66,Overload
612,232.67,10.98,50.35,0.73,44.74,Phase_Imbalance
613,251.54,4.54,50.05,0.86,44.76,Overvoltage
614,262.26,5.54,50.13,0.88,38.73,Overvoltage
615,235.57,3.61,49.89,0.95,28.8,Normal
616,247.22,5.13,50.12,0.93,37.81,Overvoltage
617,234.56,5.41,50.01,0.97,30.75,Normal
618,224.65,10.47,49.93,0.73,44.93,Overload
619,209.05,4.44,50.02,0.86,41.86,Undervoltage
620,226.86,7.13,49.89,0.76,56.07,Overload
621,269.7,5.64,50.05,0.88,38.38,Overvoltage
622,229.83,10.56,49.16,0.81,40.91,Phase_Imbalance
623,222.24,11.02,49.98,0.75,41.46,Overload
624,220.98,7.59,50.31,0.71,52.81,Phase_Imbalance
625,216.49,10.43,49.88,0.86,47.17,Overload
626,259.1,4.78,50.07,0.91,39.15,Overvoltage
627,221.7,9.01,50.55,0.72,42.02,Phase_Imbalance
628,219.78,9.99,49.97,0.75,46.04,Overload
629,228.05,8.76,50.2,0.74,59.6,Overload
630,251.78,3.23,49.99,0.9,43.73,Overvoltage
631,267.39,4.61,50.12,0.86,42.0,Overvoltage
632,195.59,6.1,49.84,0.9,39.85,Undervoltage
633,229.85,5.93,49.96,0.96,37.88,Normal
634,234.59,3.56,49.91,0.94,35.36,Normal
635,269.19,3.66,50.08,0.93,33.83,Overvoltage
636,235.33,5.25,50.18,0.96,32.94,Normal
637,223.67,8.06,49.96,0.74,42.16,Overload
638,226.16,4.21,49.91,0.95,33.4,Normal
639,238.48,4.03,49.9,0.94,35.8,Normal
640,253.44,4.73,50.08,0.89,36.47,Overvoltage
641,237.45,7.83,49.41,0.73,49.28,Phase_Imbalance
642,221.13,10.84,50.04,0.86,52.92,Overload
643,222.35,8.93,49.26,0.78,52.41,Phase_Imbalance
644,234.01,3.8,50.19,0.98,31.47,Normal
645,191.79,4.31,49.54,0.93,40.68,Undervoltage
646,227.68,5.91,49.91,0.94,32.35,Normal
647,210.52,5.9,49.95,0.93,33.47,Undervoltage
648,228.23,9.24,49.79,0.72,51.06,Phase_Imbalance
649,239.89,4.24,50.19,0.97,30.74,Normal
650,269.22,3.87,50.15,0.89,39.49,Overvoltage
651,193.58,6.04,50.07,0.9,32.33,Undervoltage
652,229.95,9.21,50.23,0.75,49.61,Phase_Imbalance
653,191.91,5.93,50.0,0.9,38.22,Undervoltage
654,250.8,4.22,49.89,0.91,37.62,Overvoltage
655,193.48,6.23,50.08,0.89,42.44,Undervoltage
656,194.63,6.25,50.16,0.89,39.02,Undervoltage
657,206.11,5.06,50.08,0.93,35.42,Undervoltage
658,269.07,5.36,50.26,0.94,43.27,Overvoltage
659,201.97,4.59,49.72,0.89,32.06,Undervoltage
660,229.3,4.57,50.03,0.97,32.65,Normal
661,235.16,3.89,49.98,0.95,33.88,Normal
662,219.65,8.7,49.73,0.73,50.21,Overload
663,262.52,5.21,49.96,0.87,32.97,Overvoltage
664,219.88,10.31,49.87,0.75,43.46,Overload
665,264.93,4.06,50.22,0.93,34.29,Overvoltage
666,248.31,3.56,50.02,0.9,37.3,Overvoltage
667,253.9,5.82,50.02,0.91,40.59,Overvoltage
668,191.17,4.07,49.99,0.92,41.49,Undervoltage
669,225.27,8.47,49.0,0.79,45.69,Phase_Imbalance
670,230.05,8.57,50.37,0.72,54.65,Phase_Imbalance
671,232.37,10.72,50.99,0.79,40.9,Phase_Imbalance
672,223.17,9.66,50.08,0.74,46.92,Overload
673,234.47,10.17,49.35,0.82,50.34,Phase_Imbalance
674,231.83,4.3,49.88,0.97,33.72,Normal
675,265.66,5.09,49.82,0.93,36.26,Overvoltage
676,227.48,7.38,50.1,0.84,52.3,Overload
677,198.69,6.25,49.99,0.88,42.71,Undervoltage
678,224.04,10.8,49.96,0.73,55.46,Overload
679,223.54,9.39,50.26,0.79,48.46,Phase_Imbalance
680,213.27,3.99,50.12,0.87,33.32,Undervoltage
681,245.38,5.81,50.28,0.86,44.99,Overvoltage
682,214.63,3.66,49.95,0.87,43.03,Undervoltage
683,201.91,3.56,50.0,0.92,35.68,Undervoltage
684,223.24,7.91,49.63,0.74,44.01,Phase_Imbalance
685,187.02,3.79,50.01,0.9,36.3,Undervoltage
686,196.5,3.61,49.64,0.89,32.18,Undervoltage
687,256.52,3.5,50.09,0.92,37.13,Overvoltage
688,228.24,10.27,49.83,0.79,56.94,Overload
689,235.16,5.9,49.96,0.97,28.76,Normal
690,259.06,3.66,49.87,0.87,44.15,Overvoltage
691,227.4,9.22,49.51,0.74,45.17,Phase_Imbalance
692,254.6,5.89,49.96,0.86,35.6,Overvoltage
693,227.77,3.63,50.18,0.96,36.22,Normal
694,268.55,4.19,49.85,0.88,33.77,Overvoltage
695,214.53,6.42,50.07,0.86,37.5,Undervoltage
696,229.7,11.09,50.17,0.83,45.81,Overload
697,227.17,7.32,50.04,0.77,45.87,Overload
698,233.49,5.48,49.87,0.93,36.71,Normal
699,266.23,4.94,50.14,0.86,44.79,Overvoltage
700,224.42,7.2,50.46,0.76,46.68,Phase_Imbalance
701,217.06,10.08,49.91,0.74,53.4,Overload
702,237.12,4.85,49.99,0.96,35.31,Normal
703,257.64,4.48,50.14,0.89,42.92,Overvoltage
704,237.16,4.17,50.11,0.94,36.72,Normal
705,239.93,5.12,49.98,0.96,29.21,Normal
706,248.17,5.6,49.92,0.91,42.77,Overvoltage
707,261.44,4.07,50.12,0.85,44.79,Overvoltage
708,229.5,8.08,49.75,0.71,49.9,Overload
709,231.19,8.95,50.3,0.73,49.24,Phase_Imbalance
710,194.92,3.51,49.97,0.94,42.86,Undervoltage
711,239.57,4.83,50.17,0.98,30.57,Normal
712,186.96,5.51,50.04,0.94,37.51,Undervoltage
713,227.4,9.58,49.56,0.81,43.7,Overload
714,227.53,11.42,49.53,0.75,55.33,Overload
715,191.6,4.05,49.55,0.9,37.41,Undervoltage
716,234.52,4.73,49.84,0.95,31.33,Normal
717,225.82,10.88,49.9,0.71,41.05,Overload
718,215.28,11.61,50.1,0.79,51.47,Overload
719,248.35,3.35,49.95,0.87,41.01,Overvoltage
720,190.32,5.55,49.63,0.87,38.68,Undervoltage
721,211.02,4.65,49.71,0.86,43.11,Undervoltage
722,214.1,3.65,49.66,0.91,37.24,Undervoltage
723,232.28,10.06,50.08,0.71,47.23,Phase_Imbalance
724,245.26,3.78,50.06,0.9,39.55,Overvoltage
725,235.19,4.51,49.87,0.96,29.28,Normal
726,260.28,4.76,49.97,0.93,40.03,Overvoltage
727,190.32,5.24,50.01,0.86,37.04,Undervoltage
728,238.57,4.96,50.08,0.98,35.66,Normal
729,231.64,5.65,50.2,0.95,34.21,Normal
730,259.81,5.42,50.15,0.93,32.37,Overvoltage
731,223.58,9.36,50.43,0.73,46.82,Phase_Imbalance
732,231.63,4.03,49.99,0.98,35.96,Normal
733,256.63,3.85,50.22,0.88,39.19,Overvoltage
734,186.38,6.06,49.96,0.87,36.65,Undervoltage
735,221.37,7.36,49.57,0.82,53.73,Phase_Imbalance
736,224.94,10.21,49.92,0.7,55.74,Overload
737,224.09,9.58,49.73,0.8,43.25,Overload
738,235.29,10.64,50.62,0.8,44.27,Phase_Imbalance
739,223.61,9.68,50.01,0.85,58.26,Overload
740,204.37,4.06,49.65,0.93,41.63,Undervoltage
741,251.06,4.13,50.21,0.89,33.48,Overvoltage
742,203.02,6.15,49.85,0.89,44.73,Undervoltage
743,226.18,9.82,50.05,0.72,54.94,Phase_Imbalance
744,192.56,4.9,49.97,0.93,37.16,Undervoltage
745,192.96,4.34,49.67,0.85,39.43,Undervoltage
746,199.67,5.48,49.56,0.9,34.4,Undervoltage
747,189.03,5.7,50.11,0.9,36.66,Undervoltage
748,230.28,5.09,50.05,0.97,35.21,Normal
749,268.71,5.64,50.26,0.91,37.55,Overvoltage
750,246.92,3.49,49.92,0.93,37.06,Overvoltage
751,230.81,8.09,49.89,0.84,50.46,Phase_Imbalance
752,226.73,3.77,50.02,0.95,34.05,Normal
753,218.34,7.02,49.52,0.75,53.47,Overload
754,237.29,5.91,49.84,0.93,31.12,Normal
755,206.88,4.62,50.16,0.91,39.22,Undervoltage
756,202.72,5.91,49.97,0.87,36.94,Undervoltage
757,257.77,4.25,49.87,0.88,34.41,Overvoltage
758,232.32,10.96,49.88,0.72,40.67,Phase_Imbalance
759,234.09,5.48,49.89,0.96,32.51,Normal
760,239.94,3.68,49.89,0.95,37.33,Normal
761,239.91,10.4,50.03,0.8,51.78,Phase_Imbalance
762,262.79,3.28,50.26,0.93,38.76,Overvoltage
763,222.64,7.33,50.14,0.71,45.99,Phase_Imbalance
764,211.69,4.49,49.67,0.92,43.97,Undervoltage
765,223.6,7.52,50.15,0.73,41.5,Phase_Imbalance
766,235.93,4.28,50.04,0.96,31.85,Normal
767,234.3,4.1,50.17,0.94,32.61,Normal
768,222.61,9.31,49.89,0.83,57.92,Overload
769,264.36,5.54,50.23,0.94,36.86,Overvoltage
770,215.66,8.0,49.53,0.85,50.31,Overload
771,205.17,6.44,49.96,0.95,38.55,Undervoltage
772,226.37,5.9,50.13,0.96,37.51,Normal
773,219.3,11.15,49.99,0.72,54.11,Overload
774,186.68,4.27,49.63,0.95,39.79,Undervoltage
775,247.28,3.74,49.98,0.9,40.8,Overvoltage
776,234.24,8.5,50.7,0.77,42.06,Phase_Imbalance
777,248.34,5.46,49.84,0.9,37.65,Overvoltage
778,215.91,9.39,49.78,0.81,49.81,Overload
779,240.0,4.37,50.06,0.98,34.52,Normal
780,266.52,4.71,49.98,0.91,41.92,Overvoltage
781,227.19,9.75,49.95,0.77,49.07,Phase_Imbalance
782,202.82,4.03,50.11,0.91,36.55,Undervoltage
783,230.93,5.79,49.98,0.95,30.47,Normal
784,228.66,4.66,50.04,0.95,28.29,Normal
785,219.52,7.24,49.79,0.83,49.14,Overload
786,227.23,4.85,49.94,0.96,33.43,Normal
787,231.92,8.49,49.18,0.72,41.37,Phase_Imbalance
788,223.23,10.64,49.87,0.72,45.76,Overload
789,228.45,9.45,49.11,0.77,42.13,Phase_Imbalance
790,198.13,5.37,50.11,0.86,42.59,Undervoltage
791,260.63,4.78,49.9,0.86,35.96,Overvoltage
792,202.2,3.98,49.94,0.85,39.44,Undervoltage
793,219.69,10.59,50.01,0.84,59.51,Overload
794,249.48,5.41,50.29,0.94,32.9,Overvoltage
795,221.25,10.32,49.56,0.86,41.35,Overload
796,220.52,11.45,50.02,0.84,47.73,Overload
797,236.15,5.86,49.97,0.97,29.55,Normal
798,228.51,7.01,50.1,0.72,42.6,Overload
799,219.01,8.24,49.57,0.75,47.68,Overload
800,222.96,9.27,49.92,0.72,54.04,Overload
801,190.43,3.79,49.59,0.88,42.51,Undervoltage
802,225.67,10.51,49.82,0.73,50.64,Phase_Imbalance
803,191.7,5.82,50.01,0.88,38.04,Undervoltage
804,238.29,9.22,49.14,0.72,44.44,Phase_Imbalance
805,238.06,4.25,50.06,0.97,29.53,Normal
806,216.88,8.51,49.87,0.78,43.37,Overload
807,190.83,4.04,50.06,0.94,43.07,Undervoltage
808,214.84,5.49,49.96,0.85,40.97,Undervoltage
809,201.33,4.02,49.96,0.89,40.49,Undervoltage
810,231.16,10.75,49.83,0.75,50.63,Phase_Imbalance
811,236.31,5.87,49.88,0.93,29.52,Normal
812,226.8,5.73,49.9,0.97,34.19,Normal
813,251.56,5.59,50.06,0.91,39.76,Overvoltage
814,220.37,9.33,50.33,0.71,42.55,Phase_Imbalance
815,234.19,5.3,50.0,0.98,33.48,Normal
816,204.86,5.3,49.64,0.85,34.22,Undervoltage
817,197.37,5.17,49.5,0.86,39.85,Undervoltage
818,233.76,4.76,50.14,0.94,37.61,Normal
819,228.42,11.23,49.68,0.8,51.02,Overload
820,237.09,5.25,49.94,0.94,37.57,Normal
821,237.76,3.95,49.88,0.98,31.4,Normal
822,252.73,5.23,50.17,0.86,41.2,Overvoltage
823,196.63,6.37,50.18,0.88,39.18,Undervoltage
824,216.51,7.17,49.92,0.81,40.97,Overload
825,256.38,3.62,50.04,0.89,37.7,Overvoltage
826,230.09,5.65,49.9,0.94,32.49,Normal
827,236.4,7.05,50.39,0.72,46.75,Phase_Imbalance
828,226.75,11.33,49.87,0.77,59.28,Overload
829,234.14,5.35,50.18,0.94,30.11,Normal
830,195.76,3.59,49.98,0.93,44.65,Undervoltage
831,246.0,3.18,50.19,0.9,40.17,Overvoltage
832,234.33,3.57,49.96,0.96,28.27,Normal
833,200.06,3.92,49.62,0.86,40.37,Undervoltage
834,232.06,5.13,50.17,0.94,33.85,Normal
835,221.01,9.85,49.64,0.79,41.47,Overload
836,187.57,4.85,50.19,0.94,34.22,Undervoltage
837,217.47,8.61,50.0,0.76,58.82,Overload
838,263.02,3.5,49.86,0.92,35.49,Overvoltage
839,204.4,6.32,50.02,0.87,37.97,Undervoltage
840,248.48,3.62,49.9,0.86,36.56,Overvoltage
841,217.27,10.45,49.79,0.82,58.41,Overload
842,228.32,3.66,50.13,0.98,31.02,Normal
843,237.52,5.95,49.9,0.96,31.84,Normal
844,250.85,4.97,50.15,0.85,38.2,Overvoltage
845,259.7,4.05,50.16,0.91,34.16,Overvoltage
846,223.86,9.76,49.72,0.72,53.48,Phase_Imbalance
847,229.86,3.55,50.17,0.98,36.32,Normal
848,223.14,8.39,49.7,0.79,43.54,Phase_Imbalance
849,253.02,5.84,49.9,0.88,44.54,Overvoltage
850,231.11,4.86,49.97,0.94,32.2,Normal
851,239.52,7.58,50.87,0.83,44.76,Phase_Imbalance
852,204.79,4.29,50.01,0.88,37.9,Undervoltage
853,231.33,4.2,49.9,0.99,32.43,Normal
854,227.62,9.36,50.48,0.81,50.45,Phase_Imbalance
855,216.74,8.03,49.91,0.71,50.21,Overload
856,235.61,4.59,50.09,0.99,30.7,Normal
857,238.48,7.36,50.34,0.76,45.22,Phase_Imbalance
858,232.66,8.3,49.33,0.74,41.79,Phase_Imbalance
859,267.16,5.31,49.81,0.92,35.54,Overvoltage
860,228.02,10.61,50.18,0.8,47.03,Overload
861,228.37,11.26,50.0,0.85,52.75,Overload
862,226.0,9.25,50.14,0.76,50.36,Phase_Imbalance
863,268.01,5.08,50.07,0.92,36.67,Overvoltage
864,218.71,10.77,50.11,0.71,48.93,Overload
865,227.28,11.08,49.67,0.72,43.95,Overload
866,233.89,8.1,50.05,0.77,50.44,Phase_Imbalance
867,235.01,5.97,50.04,0.99,36.91,Normal
868,234.98,8.66,49.21,0.79,45.37,Phase_Imbalance
869,221.73,7.03,49.56,0.74,56.7,Overload
870,226.06,5.08,49.89,0.98,36.6,Normal
871,193.6,4.25,50.09,0.92,35.84,Undervoltage
872,224.62,9.88,49.96,0.82,48.33,Overload
873,205.83,4.47,49.58,0.89,38.24,Undervoltage
874,237.81,10.26,49.06,0.78,44.2,Phase_Imbalance
875,192.39,4.16,50.02,0.89,42.92,Undervoltage
876,237.94,10.1,50.3,0.77,45.56,Phase_Imbalance
877,238.2,5.25,49.91,0.93,37.48,Normal
878,193.75,3.75,50.09,0.88,37.17,Undervoltage
879,236.86,3.53,50.01,0.96,34.73,Normal
880,215.85,9.52,49.7,0.83,54.63,Overload
881,192.74,6.23,50.14,0.86,37.05,Undervoltage
882,247.26,3.7,49.91,0.9,32.01,Overvoltage
883,237.89,4.45,49.93,0.97,35.59,Normal
884,220.53,8.59,50.53,0.71,43.94,Phase_Imbalance
885,245.2,3.6,50.08,0.88,40.1,Overvoltage
886,208.41,5.8,49.51,0.94,40.42,Undervoltage
887,227.13,9.27,49.86,0.77,41.15,Overload
888,215.47,11.74,49.58,0.7,46.27,Overload
889,228.37,4.35,50.04,0.94,30.2,Normal
890,234.56,9.65,50.88,0.8,41.2,Phase_Imbalance
891,226.03,8.66,49.53,0.79,56.27,Overload
892,236.35,5.06,50.1,0.94,33.49,Normal
893,237.88,4.06,50.13,0.96,31.05,Normal
894,221.1,11.68,50.11,0.78,43.99,Overload
895,239.29,7.02,49.18,0.72,53.89,Phase_Imbalance
896,230.5,10.5,50.57,0.77,46.77,Phase_Imbalance
897,215.68,7.69,49.73,0.78,49.14,Overload
898,192.05,4.88,50.06,0.89,43.14,Undervoltage
899,250.58,4.77,49.89,0.88,40.95,Overvoltage
900,219.13,10.17,49.88,0.75,59.89,Overload
901,230.72,5.99,50.01,0.99,36.61,Normal
902,256.6,4.78,50.05,0.92,34.54,Overvoltage
903,248.22,5.72,50.21,0.88,32.56,Overvoltage
904,224.58,9.49,49.94,0.75,59.13,Overload
905,192.85,4.44,49.99,0.92,41.98,Undervoltage
906,209.71,6.44,49.51,0.92,37.79,Undervoltage
907,269.35,3.3,50.13,0.87,42.61,Overvoltage
908,219.28,11.58,49.84,0.72,57.06,Overload
909,246.45,3.26,50.02,0.89,39.91,Overvoltage
910,225.73,9.53,49.29,0.72,52.12,Phase_Imbalance
911,238.58,5.62,49.84,0.96,30.77,Normal
912,188.7,3.52,49.92,0.9,44.31,Undervoltage
913,238.54,10.94,50.73,0.77,44.87,Phase_Imbalance
914,233.66,10.64,50.0,0.73,51.03,Phase_Imbalance
915,220.87,9.12,49.46,0.81,51.84,Phase_Imbalance
916,251.1,3.52,49.88,0.9,44.46,Overvoltage
917,225.11,11.9,49.91,0.83,54.51,Overload
918,224.28,10.06,50.85,0.74,54.42,Phase_Imbalance
919,267.51,5.28,49.92,0.85,37.33,Overvoltage
920,220.67,8.84,50.54,0.77,54.73,Phase_Imbalance
921,229.17,9.66,50.77,0.72,42.71,Phase_Imbalance
922,262.42,3.96,49.95,0.92,33.5,Overvoltage
923,203.03,3.53,49.68,0.93,35.97,Undervoltage
924,236.85,4.54,50.17,0.96,36.21,Normal
925,255.98,5.98,50.19,0.87,42.54,Overvoltage
926,234.38,5.15,50.17,0.96,33.45,Normal
927,198.73,4.45,50.0,0.93,38.34,Undervoltage
928,235.94,5.18,50.19,0.94,32.03,Normal
929,227.69,10.94,50.23,0.77,50.67,Phase_Imbalance
930,253.98,3.03,49.87,0.92,44.53,Overvoltage
931,265.58,4.1,50.21,0.85,41.35,Overvoltage
932,190.49,4.7,50.17,0.88,37.01,Undervoltage
933,224.44,10.1,50.09,0.72,53.61,Overload
934,231.52,9.6,49.35,0.81,45.33,Phase_Imbalance
935,229.08,10.77,49.64,0.78,50.0,Overload
936,227.61,10.07,50.82,0.78,49.89,Phase_Imbalance
937,230.77,4.71,49.89,0.96,33.75,Normal
938,220.4,7.48,50.73,0.83,42.98,Phase_Imbalance
939,228.18,4.85,50.09,0.94,31.12,Normal
940,227.61,8.25,50.22,0.8,48.91,Phase_Imbalance
941,262.51,5.84,50.08,0.9,34.45,Overvoltage
942,195.82,4.16,50.03,0.9,44.96,Undervoltage
943,267.87,4.69,50.28,0.9,33.74,Overvoltage
944,228.09,10.68,49.54,0.72,44.15,Overload
945,223.87,7.13,50.53,0.7,44.05,Phase_Imbalance
946,198.41,3.86,49.85,0.92,33.33,Undervoltage
947,229.03,5.63,50.13,0.94,36.82,Normal
948,237.11,5.32,50.01,0.99,31.79,Normal
949,210.06,5.05,49.76,0.94,38.71,Undervoltage
950,222.48,8.54,49.52,0.85,50.11,Overload
951,251.5,5.97,49.82,0.89,37.88,Overvoltage
952,263.06,4.88,49.88,0.89,40.93,Overvoltage
953,221.78,11.49,49.81,0.71,53.64,Overload
954,228.17,10.9,49.95,0.73,59.33,Overload
955,237.97,5.92,49.91,0.97,32.0,Normal
956,233.61,10.02,49.83,0.81,47.24,Phase_Imbalance
957,227.2,10.35,50.08,0.82,53.71,Overload
958,217.63,10.9,49.83,0.81,52.63,Overload
959,201.8,5.36,49.83,0.92,41.31,Undervoltage
960,218.76,7.87,49.96,0.7,40.3,Overload
961,207.89,4.05,49.98,0.88,33.16,Undervoltage
962,234.14,3.93,50.09,0.94,31.79,Normal
963,216.43,9.13,49.97,0.76,43.05,Overload
964,206.8,4.17,49.87,0.93,43.78,Undervoltage
965,221.45,8.18,50.89,0.81,54.35,Phase_Imbalance
966,248.43,3.6,50.24,0.9,40.2,Overvoltage
967,222.19,8.01,49.88,0.85,53.92,Overload
968,229.86,10.7,49.71,0.75,56.57,Overload
969,226.2,3.96,50.04,0.97,30.35,Normal
970,260.45,5.0,50.11,0.89,38.34,Overvoltage
971,245.17,4.65,49.81,0.9,35.57,Overvoltage
972,214.23,4.83,50.08,0.88,37.42,Undervoltage
973,224.03,9.63,50.61,0.74,40.5,Phase_Imbalance
974,228.65,7.37,49.56,0.8,41.31,Overload
975,230.47,9.56,49.62,0.75,48.1,Phase_Imbalance
976,212.84,3.82,50.05,0.88,33.12,Undervoltage
977,226.28,5.3,50.0,0.98,34.91,Normal
978,228.71,7.26,49.44,0.71,40.57,Phase_Imbalance
979,204.42,5.53,49.69,0.89,32.26,Undervoltage
980,262.62,3.62,50.18,0.92,32.81,Overvoltage
981,236.44,4.85,50.11,0.96,28.01,Normal
982,234.69,4.73,50.12,0.94,30.22,Normal
983,235.15,5.73,49.83,0.96,28.3,Normal
984,231.22,3.75,50.0,0.95,37.52,Normal
985,224.04,9.13,49.98,0.76,40.85,Overload
986,189.36,5.51,49.64,0.93,34.09,Undervoltage
987,225.64,9.09,49.58,0.7,46.5,Overload
988,201.88,3.8,49.7,0.9,36.47,Undervoltage
989,237.47,7.81,49.97,0.71,48.57,Phase_Imbalance
990,234.89,5.6,50.05,0.98,34.46,Normal
991,231.26,10.08,50.51,0.83,46.88,Phase_Imbalance
992,256.46,4.99,49.98,0.86,38.95,Overvoltage
993,250.06,5.07,49.87,0.91,34.07,Overvoltage
994,214.65,5.42,50.1,0.88,41.24,Undervoltage
995,198.37,3.63,50.13,0.87,38.68,Undervoltage
996,262.03,3.2,50.15,0.92,43.0,Overvoltage
997,248.11,5.57,50.02,0.85,44.45,Overvoltage
998,249.5,3.96,49.91,0.93,42.12,Overvoltage
999,199.75,5.59,49.57,0.94,33.75,Undervoltage
1000,233.44,4.26,50.2,0.94,35.64,Normal
